sentiment_label,review_count,avg_rating,avg_sentiment_score
negative,12581,1.1130455521106606,-1.86
positive,6592,4.3878268848447775,2.5
neutral,2039,1.727929788332473,0.0
